{
	"partitions" : [
		{
			"name" : "Top",
			"pins" : [
				{
					"name" : "LEDone[0]",
					"strict" : false
				},
				{
					"name" : "LEDone[1]",
					"strict" : false
				},
				{
					"name" : "LEDone[2]",
					"strict" : false
				},
				{
					"name" : "LEDone[3]",
					"strict" : false
				},
				{
					"name" : "LEDone[4]",
					"strict" : false
				},
				{
					"name" : "LEDone[5]",
					"strict" : false
				},
				{
					"name" : "LEDone[6]",
					"strict" : false
				},
				{
					"name" : "LEDten[0]",
					"strict" : false
				},
				{
					"name" : "LEDten[1]",
					"strict" : false
				},
				{
					"name" : "LEDten[2]",
					"strict" : false
				},
				{
					"name" : "LEDten[3]",
					"strict" : false
				},
				{
					"name" : "LEDten[4]",
					"strict" : false
				},
				{
					"name" : "LEDten[5]",
					"strict" : false
				},
				{
					"name" : "LEDten[6]",
					"strict" : false
				},
				{
					"name" : "clk50",
					"strict" : false
				},
				{
					"name" : "reset",
					"strict" : false
				},
				{
					"name" : "input0[0]",
					"strict" : false
				},
				{
					"name" : "input1[0]",
					"strict" : false
				},
				{
					"name" : "inputop[0]",
					"strict" : false
				},
				{
					"name" : "input0[3]",
					"strict" : false
				},
				{
					"name" : "input1[3]",
					"strict" : false
				},
				{
					"name" : "input1[2]",
					"strict" : false
				},
				{
					"name" : "input0[2]",
					"strict" : false
				},
				{
					"name" : "input1[1]",
					"strict" : false
				},
				{
					"name" : "input0[1]",
					"strict" : false
				},
				{
					"name" : "inputop[1]",
					"strict" : false
				},
				{
					"name" : "altera_reserved_tms",
					"strict" : false
				},
				{
					"name" : "altera_reserved_tck",
					"strict" : false
				},
				{
					"name" : "altera_reserved_tdi",
					"strict" : false
				},
				{
					"name" : "altera_reserved_tdo",
					"strict" : false
				}
			]
		}
	]
}